household size	district	1991	1992	1993	1994	1995	1996	1997	1998	1999	2000	2001	2002	2003	2004	2005	2006	2007	2008	2009	2010	2011	2012	2013	2014	2015	2016	2017	2018	2019	2020	2021
1 person	Copenhagen total	148505	148349	148740	148426	148978	149717	150375	149751	148807	147647	146057	145248	143725	142755	143674	144826	144340	144358	143088	140125	138425	135574	133811	131644	130531	129163	129073	130248	131304	133718	136611
1 person	District - Indre By	12171	12316	12185	12173	12318	12193	12279	12126	12087	12030	11932	11999	11842	11864	11933	12162	12178	12038	11969	11670	11659	11454	11255	11220	11201	11085	11453	11540	11461	11601	11626
1 person	District - Østerbro	21298	21117	21132	21287	21269	21368	21504	21550	21488	21299	20919	20943	20658	20420	20402	20672	20472	20494	20182	19579	19411	19012	18756	18407	18307	17990	17888	18132	18146	18304	18642
1 person	District - Nørrebro	21924	21937	22105	21984	21990	22306	22377	22253	22270	22110	21852	21581	21317	21111	21342	21280	21065	20905	20756	20125	19822	19191	18685	18047	18017	17624	17373	17426	17697	18090	18240
1 person	District - Vesterbro/Kongens Enghave	15979	15717	15792	15902	15740	15706	15735	15519	15349	15036	14861	14831	14659	14539	14600	14789	14890	14901	15073	14742	14461	14174	14026	13835	13699	13669	13841	14031	14152	14538	15002
1 person	District - Valby	13157	13241	13243	13096	13208	13336	13414	13444	13337	13258	13147	13050	12965	12950	12961	12892	12771	12746	12522	12341	12089	11830	11604	11482	11394	11246	11202	11223	11498	11896	12259
1 person	District - Vanløse	10292	10382	10422	10285	10313	10411	10426	10470	10361	10289	10249	10215	10110	10043	10148	10148	10000	9952	9811	9667	9615	9457	9382	9246	9092	8894	8790	8863	8843	8909	9053
1 person	District - Brønshøj-Husum	8985	9001	9060	9189	9229	9179	9321	9404	9408	9312	9146	9119	9005	8951	9069	9086	8871	8881	8677	8507	8391	8173	8054	7833	7735	7656	7571	7542	7630	7710	7825
1 person	District - Bispebjerg	16645	16617	16575	16284	16364	16597	16571	16340	16162	15985	15807	15677	15460	15442	15622	15617	15745	15607	15428	15156	14891	14545	14303	14068	13705	13569	13645	13677	13608	13717	14065
1 person	District - Amager Øst	15008	14898	15007	15105	15290	15367	15475	15422	15330	15263	15089	14871	14848	14628	14719	14901	14777	14786	14717	14531	14249	13981	13783	13620	13580	13474	13375	13456	13414	13582	14140
1 person	District - Amager Vest	13046	13123	13219	13121	13257	13254	13273	13223	13015	13065	13055	12962	12861	12807	12878	13279	13571	14048	13953	13807	13837	13757	13963	13886	13801	13956	13935	14358	14855	15371	15759
1 person	District - Unlocated	0	0	0	0	0	0	0	0	0	0	0	0	0	0	0	0	0	0	0	0	0	0	0	0	0	0	0	0	0	0	0
1 person	Polling area - 1. Østerbro	4147	4053	4065	4089	3995	4117	4185	4228	4310	4242	4221	4234	4135	4134	4201	4251	4117	4135	4090	4011	3957	3906	3891	3798	3805	3726	3668	3648	3660	3665	3710
1 person	Polling area - 1. Øst	1952	1969	1961	1915	1986	1984	1958	2038	2041	2042	1995	2067	2056	2060	1868	1909	1952	1944	1994	1902	1893	1854	1847	1822	1785	1816	1899	1991	2027	2097	2216
1 person	Polling area - 1. Nord	2446	2400	2429	2396	2425	2440	2462	2407	2398	2395	2342	2266	2287	2224	2223	2221	2244	2178	2140	2078	2061	2035	2025	1954	1926	1932	1927	1936	1941	2019	2050
1 person	Polling area - 1. Syd	4204	4109	4171	4190	4203	4143	4180	4156	4114	4071	3964	3976	3818	3764	3871	3943	3921	3899	3806	3720	3702	3580	3480	3383	3360	3318	3294	3258	3272	3230	3206
1 person	Polling area - 1. Vest	4553	4631	4559	4734	4683	4708	4768	4762	4673	4616	4554	4533	4527	4496	4517	4676	4608	4680	4534	4286	4204	4112	4068	4028	4075	3914	3861	4014	3986	4019	4107
1 person	Polling area - 1. Nordvest	3996	3955	3947	3963	3977	3976	3951	3959	3952	3933	3843	3867	3835	3742	3722	3672	3630	3658	3618	3582	3594	3525	3445	3422	3356	3284	3239	3285	3260	3274	3353
1 person	Polling area - 2. Sundbyvester	3453	3478	3524	3551	3553	3559	3561	3557	3657	3680	3626	3585	3589	3605	3575	3621	3578	3590	3552	3550	3519	3518	3456	3374	3312	3293	3233	3272	3321	3338	3369
1 person	Polling area - 2. Nord	4897	4969	4998	4936	4994	4973	4950	4984	4844	4852	4871	4830	4759	4751	4791	4823	4713	4732	4689	4616	4537	4432	4508	4418	4393	4364	4385	4419	4410	4570	4605
1 person	Polling area - 2. Syd	494	504	519	498	516	520	510	505	450	401	467	489	481	458	469	554	601	792	847	880	978	1082	1313	1371	1370	1577	1581	1758	2024	2379	2560
1 person	Polling area - 2. Øst	1743	1740	1746	1737	1748	1644	1727	1686	1621	1692	1663	1671	1743	1724	1719	1779	2051	2214	2175	2125	2193	2138	2106	2130	2157	2149	2157	2250	2447	2380	2527
1 person	Polling area - 2. Vest	2459	2432	2432	2399	2446	2558	2525	2491	2443	2440	2428	2387	2289	2269	2324	2502	2628	2720	2690	2636	2610	2587	2580	2593	2569	2573	2579	2659	2653	2704	2698
1 person	Polling area - 3. Indre By	3558	3594	3492	3591	3627	3568	3570	3563	3538	3528	3566	3574	3519	3467	3534	3583	3591	3541	3565	3429	3423	3365	3315	3270	3258	3162	3226	3334	3281	3313	3259
1 person	Polling area - 3. Nord	1936	1971	1953	1907	1940	1886	1894	1887	1824	1835	1752	1751	1725	1726	1718	1726	1709	1702	1660	1625	1580	1568	1543	1527	1498	1446	1446	1451	1459	1484	1465
1 person	Polling area - 3. Syd	2462	2408	2409	2426	2437	2446	2499	2407	2445	2438	2397	2442	2453	2500	2515	2661	2700	2708	2685	2627	2619	2587	2525	2537	2596	2623	2636	2640	2656	2741	2808
1 person	Polling area - 3. Øst	4215	4343	4331	4249	4314	4293	4316	4269	4280	4229	4217	4232	4145	4171	4166	4192	4178	4087	4059	3989	4037	3934	3872	3886	3849	3854	4145	4115	4065	4063	4094
1 person	Polling area - 4. Sundbyøster	3822	3566	3625	3815	3818	3841	3886	3847	3860	3865	3829	3775	3840	3786	3801	3871	3857	3847	3853	3812	3773	3698	3662	3606	3573	3602	3607	3656	3645	3787	4129
1 person	Polling area - 4. Nord	5581	5681	5678	5615	5695	5706	5809	5727	5665	5633	5539	5451	5405	5314	5316	5384	5380	5403	5388	5318	5245	5121	5000	4961	4904	4838	4794	4829	4801	4795	4930
1 person	Polling area - 4. Syd	3273	3273	3288	3256	3353	3383	3376	3419	3370	3343	3295	3243	3249	3174	3217	3245	3198	3132	3128	3069	3031	2966	2891	2869	2863	2813	2764	2727	2725	2757	2781
1 person	Polling area - 4. Øst	2332	2378	2416	2419	2424	2437	2404	2429	2435	2422	2426	2402	2354	2354	2385	2401	2342	2404	2348	2332	2200	2196	2230	2184	2240	2221	2210	2244	2243	2243	2300
1 person	Polling area - 5. Nørrebro	3004	2688	2687	2858	2881	3114	3115	3165	3215	3248	3262	3132	3073	3100	3061	3116	3081	3005	3007	2861	2859	2825	2762	2697	2614	2555	2541	2558	2497	2597	2571
1 person	Polling area - 5. Nord	4586	4664	4672	4570	4431	4559	4596	4672	4617	4541	4524	4507	4425	4368	4502	4540	4519	4429	4414	4295	4244	4111	3987	3873	3904	3792	3695	3758	3973	4016	4129
1 person	Polling area - 5. Nørrebrohallen	3187	3299	3327	3101	3160	3149	3107	3055	3138	3100	3027	3010	2945	2933	2969	2988	2978	2962	2989	2875	2842	2714	2623	2631	2550	2486	2471	2551	2698	2920	3019
1 person	Polling area - 5. Syd	1862	1868	1900	1886	1883	1854	1800	1806	1840	1873	1806	1807	1783	1742	1789	1795	1793	1801	1762	1737	1746	1730	1694	1628	1606	1610	1590	1615	1620	1542	1552
1 person	Polling area - 5. Øst	2620	2631	2655	2729	2752	2745	2745	2697	2707	2621	2588	2503	2568	2550	2586	2401	2339	2428	2348	2296	2273	2146	2047	1855	1996	1977	1910	1910	1918	1955	1826
1 person	Polling area - 5. Vest	2528	2522	2530	2472	2491	2526	2528	2459	2452	2439	2417	2415	2384	2350	2367	2395	2363	2340	2323	2270	2199	2139	2067	2000	1955	1939	1935	1897	1865	1902	1916
1 person	Polling area - 5. Nordvest	4137	4265	4334	4368	4392	4359	4486	4399	4301	4288	4228	4207	4139	4068	4068	4045	3992	3940	3913	3791	3659	3526	3505	3363	3392	3265	3231	3137	3126	3158	3227
1 person	Polling area - 6. Bispebjerg	4574	4542	4548	4525	4533	4554	4595	4580	4583	4545	4425	4423	4320	4278	4305	4360	4598	4610	4486	4365	4267	4191	4081	4038	3942	3936	3977	4087	4119	4158	4268
1 person	Polling area - 6. Vest	2515	2407	2415	2113	2525	2699	2682	2529	2400	2353	2361	2324	2268	2248	2334	2315	2293	2259	2243	2190	2104	2051	2013	1929	1875	1848	1815	1807	1793	1829	1915
1 person	Polling area - 6. Nord	3800	3878	3857	3840	3477	3487	3474	3441	3400	3350	3359	3342	3270	3290	3319	3311	3147	3165	3142	3158	3110	3009	3004	2968	2913	2853	2874	2883	2887	2906	2928
1 person	Polling area - 6. Øst	1682	1705	1706	1729	1721	1742	1743	1780	1754	1773	1744	1737	1734	1738	1770	1749	1782	1764	1786	1755	1715	1680	1670	1624	1582	1594	1581	1541	1527	1494	1536
1 person	Polling area - 6. Syd	4074	4085	4049	4077	4108	4115	4077	4010	4025	3964	3918	3851	3868	3888	3894	3882	3925	3809	3771	3688	3695	3614	3535	3509	3393	3338	3398	3359	3282	3330	3418
1 person	Polling area - 7. Brønshøj	1225	1220	1217	1219	1228	1215	1209	1235	1221	1215	1181	1183	1206	1167	1153	1090	1090	1090	1075	1042	1031	1109	1089	1080	1044	1052	1031	1039	1027	1008	1019
1 person	Polling area - 7. Nord	1052	1072	1092	1114	1128	1106	1166	1157	1137	1133	1132	1124	1111	1123	1161	1161	1010	1039	966	956	995	922	899	816	828	822	810	832	866	937	1020
1 person	Polling area - 7. Syd	2575	2619	2600	2564	2549	2626	2639	2606	2602	2595	2566	2530	2482	2489	2487	2498	2445	2463	2459	2393	2371	2291	2255	2267	2236	2175	2181	2167	2156	2235	2260
1 person	Polling area - 7. Øst	2621	2645	2633	2635	2652	2645	2610	2628	2618	2653	2589	2549	2552	2514	2530	2536	2523	2569	2506	2424	2356	2259	2263	2194	2136	2121	2115	2115	2143	2123	2163
1 person	Polling area - 7. Vest	2620	2623	2642	2682	2765	2789	2829	2817	2823	2735	2651	2700	2612	2611	2656	2632	2648	2633	2604	2582	2442	2395	2353	2317	2306	2305	2256	2278	2283	2288	2295
1 person	Polling area - 7. Nordvest	2263	2244	2282	2202	2152	2087	2141	2216	2242	2206	2210	2175	2150	2145	2162	2194	2113	2063	2028	1997	2056	2036	1997	1957	1964	1892	1873	1840	1852	1882	1884
1 person	Polling area - 7. Katrinedal	1751	1755	1739	1722	1766	1773	1756	1791	1687	1682	1908	1953	1972	1926	1959	1952	1937	1899	1879	1852	1869	1810	1786	1759	1724	1702	1673	1724	1736	1723	1746
1 person	Polling area - 7. Kirkebjerg	1382	1233	1231	1266	1276	1249	1273	1240	1249	1222	1020	1020	988	944	950	966	956	946	938	920	903	899	907	889	853	848	836	841	831	822	851
1 person	Polling area - 7. Vanløse	3788	3972	4046	4070	4026	4100	4124	4184	4190	4160	4138	4100	4042	4075	4159	4205	4149	4131	4033	4008	3983	3909	3887	3800	3736	3633	3586	3569	3579	3601	3640
1 person	Polling area - 8. Valby	2839	2760	2737	2533	2552	2685	2690	2688	2599	2610	2561	2545	2484	2528	2535	2544	2506	2504	2490	2416	2407	2371	2359	2282	2233	2207	2158	2140	2173	2139	2147
1 person	Polling area - 8. Nord	3307	3298	3315	3352	3330	3316	3366	3393	3366	3352	3346	3295	3309	3246	3247	3230	3192	3198	3083	3124	3076	3106	3038	2946	2882	2879	2823	2806	2779	2731	2835
1 person	Polling area - 8. Syd	1716	1739	1786	1816	1647	1671	1681	1749	1754	1761	1759	1761	1721	1723	1727	1748	1736	1698	1727	1693	1672	1603	1582	1564	1548	1522	1497	1539	1582	1844	2008
1 person	Polling area - 8. Vest	2074	2073	2064	2071	2106	2112	2138	2125	2140	2119	2098	2081	2085	2058	2093	2067	2077	2035	1976	1926	1825	1701	1596	1591	1619	1589	1612	1614	1542	1571	1646
1 person	Polling area - 8. Sydøst	1190	1260	1244	1238	1252	1233	1240	1237	1266	1263	1260	1261	1275	1292	1270	1183	1202	1196	1166	1150	1100	1073	1047	1150	1142	1115	1173	1210	1299	1446	1466
1 person	Polling area - 8. Midt	2031	2111	2097	2086	2321	2319	2299	2252	2212	2153	2123	2107	2091	2103	2089	2120	2058	2115	2080	2032	2009	1976	1982	1949	1970	1934	1939	1914	2123	2165	2157
1 person	Polling area - 9. Vesterbro	2752	2782	2799	2774	2717	2728	2753	2689	2661	2608	2544	2569	2543	2492	2533	2518	2500	2499	2453	2326	2254	2205	2144	2128	2052	2009	2002	1980	1966	1971	1944
1 person	Polling area - 9. Nord	2852	2829	2809	2793	2718	2939	2921	2959	2860	2799	2811	2813	2729	2702	2733	2781	2769	2769	2711	2660	2582	2529	2478	2407	2365	2342	2292	2313	2327	2348	2389
1 person	Polling area - 9. Syd	3570	3520	3598	3715	4218	4200	4198	4146	4180	4079	4007	3998	4018	4018	4026	4131	4067	4020	4018	3962	3874	3810	3891	3800	3784	3740	3703	3740	3656	3716	3743
1 person	Polling area - 9. Øst	2325	2411	2385	2256	2176	2051	2035	1983	1956	1967	1937	1941	1873	1820	1846	1866	1895	1889	1909	1824	1778	1740	1712	1673	1656	1642	1636	1596	1610	1573	1649
1 person	Polling area - 9. Vest	2153	2222	2169	2142	2127	1996	2034	1980	1934	1823	1810	1788	1797	1804	1731	1680	1716	1696	1720	1672	1624	1628	1563	1553	1513	1476	1500	1526	1559	1593	1655
1 person	Polling area - 9. Midt	1906	1542	1600	1745	1781	1790	1791	1761	1757	1759	1752	1722	1699	1703	1709	1744	1718	1718	1711	1677	1694	1623	1600	1589	1594	1563	1562	1565	1566	1595	1634
1 person	Polling area - 9. Sydhavn	421	411	432	477	3	2	3	1	1	1	0	0	0	0	22	69	225	310	551	621	655	639	638	685	735	897	1146	1311	1468	1742	1988
2 persons	Copenhagen total	77776	76768	76550	76104	75603	75752	75594	76052	76397	76375	76700	76224	76257	75794	75937	75305	75130	76109	76615	77839	78452	80249	81540	83379	84931	87137	88489	90281	91690	93477	95123
2 persons	District - Indre By	7046	7011	7170	7163	7099	7176	7165	7302	7402	7349	7395	7422	7432	7397	7420	7404	7463	7536	7447	7591	7602	7813	7998	8065	8191	8409	8518	8639	8737	8749	8948
2 persons	District - Østerbro	10572	10559	10536	10648	10810	10851	10936	10919	10880	10887	11014	10718	10807	10570	10621	10392	10354	10350	10370	10574	10632	10892	10950	11237	11406	11719	11939	12164	12155	12243	12475
2 persons	District - Nørrebro	10973	11040	10968	10821	10685	10666	10657	10765	10814	10804	10840	10823	10784	10782	10685	10513	10296	10389	10358	10565	10800	11219	11386	11743	11914	12027	12176	12206	12071	12256	12216
2 persons	District - Vesterbro/Kongens Enghave	7935	7826	7831	7757	7755	7759	7801	7923	8077	8269	8338	8192	8196	8096	7975	7838	7804	7861	8184	8523	8703	8749	8927	9076	9352	9650	9918	10249	10618	11175	11607
2 persons	District - Valby	7284	7113	7048	6905	6789	6941	6834	6877	6903	6858	6774	6753	6794	6618	6746	6647	6512	6679	6703	6785	6810	6817	6996	7188	7328	7442	7756	8137	8404	8710	8992
2 persons	District - Vanløse	5872	5761	5758	5672	5575	5487	5470	5466	5543	5535	5483	5458	5414	5413	5402	5290	5207	5208	5142	5230	5272	5454	5433	5580	5645	5747	5857	5863	5906	5864	5856
2 persons	District - Brønshøj-Husum	6147	5933	5823	5753	5754	5670	5614	5498	5448	5431	5373	5367	5345	5301	5270	5241	5125	5085	5124	5118	5074	5079	5156	5201	5104	5236	5181	5318	5282	5251	5222
2 persons	District - Bispebjerg	7181	6971	6934	6788	6757	6772	6724	6756	6712	6715	6834	6852	6860	6842	6738	6770	6857	7063	7080	7173	7350	7615	7709	7883	8148	8472	8393	8631	8648	8655	8548
2 persons	District - Amager Øst	8028	7915	7882	7889	7725	7757	7688	7713	7743	7778	7975	7951	7963	7975	7988	7931	7748	7832	7867	7820	7745	7942	8098	8311	8631	8844	8941	9097	9373	9575	9759
2 persons	District - Amager Vest	6738	6639	6600	6708	6654	6673	6705	6833	6875	6749	6674	6688	6662	6800	7092	7279	7764	8106	8340	8460	8464	8669	8887	9095	9212	9591	9810	9977	10496	10999	11500
2 persons	District - Unlocated	0	0	0	0	0	0	0	0	0	0	0	0	0	0	0	0	0	0	0	0	0	0	0	0	0	0	0	0	0	0	0
2 persons	Polling area - 1. Østerbro	2100	2129	2105	2060	2206	2319	2372	2320	2303	2301	2320	2268	2334	2221	2274	2219	2205	2193	2216	2232	2276	2295	2264	2335	2319	2362	2401	2406	2400	2446	2472
2 persons	Polling area - 1. Øst	1067	1034	1046	1057	1095	1086	1111	1128	1109	1097	1141	1162	1199	1185	1081	1045	1087	1114	1124	1190	1188	1194	1205	1248	1268	1402	1572	1761	1773	1831	1903
2 persons	Polling area - 1. Nord	1154	1193	1164	1212	1208	1206	1204	1234	1223	1218	1236	1188	1177	1168	1192	1171	1145	1151	1128	1134	1176	1185	1182	1229	1244	1246	1227	1257	1266	1275	1277
2 persons	Polling area - 1. Syd	2164	2188	2197	2237	2203	2177	2183	2172	2138	2168	2186	2087	2063	2035	2088	2008	2011	2022	2003	2073	2045	2094	2139	2170	2215	2186	2183	2208	2230	2227	2293
2 persons	Polling area - 1. Vest	2124	2053	2087	2170	2183	2147	2147	2138	2158	2182	2201	2134	2145	2133	2141	2109	2099	2070	2084	2123	2119	2244	2228	2275	2309	2397	2384	2365	2327	2334	2325
2 persons	Polling area - 1. Nordvest	1963	1962	1937	1912	1915	1916	1919	1927	1949	1921	1930	1879	1889	1828	1845	1840	1807	1800	1815	1822	1828	1880	1932	1980	2051	2126	2172	2167	2159	2130	2205
2 persons	Polling area - 2. Sundbyvester	1862	1836	1811	1840	1784	1795	1793	1798	1804	1797	1767	1734	1718	1749	1821	1740	1806	1747	1781	1765	1784	1784	1815	1849	1837	1882	1934	1936	1938	1916	1957
2 persons	Polling area - 2. Nord	2533	2479	2488	2528	2525	2506	2547	2546	2527	2456	2408	2441	2459	2487	2523	2423	2428	2417	2471	2518	2551	2624	2663	2748	2740	2781	2834	2827	2806	2845	2911
2 persons	Polling area - 2. Syd	278	255	247	253	251	262	262	273	269	270	305	297	303	319	313	414	455	761	873	928	964	1049	1144	1160	1186	1316	1421	1654	2053	2510	2777
2 persons	Polling area - 2. Øst	916	902	903	939	922	924	892	973	1000	985	981	987	946	941	1028	1063	1200	1267	1277	1295	1226	1256	1268	1251	1239	1302	1340	1328	1359	1356	1405
2 persons	Polling area - 2. Vest	1149	1167	1151	1148	1172	1186	1211	1243	1275	1241	1213	1229	1236	1304	1407	1639	1875	1914	1938	1954	1939	1956	1997	2087	2210	2310	2281	2232	2340	2372	2450
2 persons	Polling area - 3. Indre By	2027	2066	2118	2132	2090	2180	2173	2184	2247	2266	2174	2202	2147	2154	2159	2143	2140	2230	2172	2263	2276	2290	2396	2409	2441	2491	2512	2501	2548	2528	2679
2 persons	Polling area - 3. Nord	1333	1324	1336	1320	1313	1337	1316	1314	1353	1298	1337	1321	1357	1318	1303	1276	1264	1274	1274	1262	1246	1280	1303	1292	1290	1291	1319	1315	1322	1330	1357
2 persons	Polling area - 3. Syd	1328	1347	1329	1328	1321	1304	1344	1405	1398	1374	1447	1518	1576	1638	1638	1713	1769	1711	1709	1720	1690	1784	1792	1794	1923	2048	2039	2045	2115	2103	2132
2 persons	Polling area - 3. Øst	2358	2274	2387	2383	2375	2355	2332	2399	2404	2411	2437	2381	2352	2287	2320	2272	2290	2321	2292	2346	2390	2459	2507	2570	2537	2579	2648	2778	2752	2788	2780
2 persons	Polling area - 4. Sundbyøster	1704	1649	1667	1693	1678	1674	1683	1710	1663	1665	1675	1725	1712	1755	1751	1700	1680	1737	1786	1731	1736	1819	1825	1881	1938	2071	2071	2104	2339	2418	2621
2 persons	Polling area - 4. Nord	3105	3060	3060	3057	3031	3026	2946	2992	3041	3025	3107	3108	3104	3052	3066	3006	2960	2977	2975	2986	2931	3034	3134	3225	3297	3312	3325	3441	3419	3526	3471
2 persons	Polling area - 4. Syd	1726	1707	1687	1688	1605	1643	1614	1557	1617	1651	1674	1627	1634	1652	1659	1631	1559	1603	1574	1582	1572	1615	1649	1673	1710	1751	1824	1819	1826	1807	1846
2 persons	Polling area - 4. Øst	1493	1499	1468	1451	1411	1414	1445	1454	1422	1437	1519	1491	1513	1516	1512	1594	1549	1515	1532	1521	1506	1474	1490	1532	1686	1710	1721	1733	1789	1824	1821
2 persons	Polling area - 5. Nørrebro	1187	1171	1206	1204	1221	1177	1218	1209	1216	1250	1220	1265	1274	1265	1244	1242	1162	1209	1141	1195	1212	1223	1257	1282	1292	1310	1261	1255	1255	1196	1180
2 persons	Polling area - 5. Nord	1788	1871	1908	1815	1790	1868	1870	1840	1902	1881	1902	1845	1893	1896	1843	1812	1822	1820	1814	1899	1934	2003	2112	2155	2145	2144	2231	2254	2166	2252	2188
2 persons	Polling area - 5. Nørrebrohallen	2065	2082	2007	1833	1735	1693	1741	1784	1708	1680	1676	1719	1708	1739	1706	1698	1704	1712	1716	1745	1816	1905	1915	2013	2070	2111	2130	2200	2170	2309	2318
2 persons	Polling area - 5. Syd	1177	1136	1127	1131	1136	1116	1092	1138	1135	1084	1113	1124	1106	1138	1136	1138	1133	1134	1165	1179	1172	1193	1196	1249	1225	1237	1263	1238	1236	1233	1227
2 persons	Polling area - 5. Øst	1263	1285	1258	1265	1266	1351	1319	1310	1302	1323	1310	1327	1267	1215	1233	1217	1197	1229	1248	1238	1218	1319	1300	1330	1405	1406	1483	1481	1451	1473	1450
2 persons	Polling area - 5. Vest	1455	1458	1452	1498	1477	1439	1434	1456	1455	1492	1487	1469	1426	1445	1427	1367	1353	1342	1338	1373	1426	1463	1499	1564	1594	1544	1509	1483	1500	1506	1528
2 persons	Polling area - 5. Nordvest	2038	2037	2010	2075	2060	2022	1983	2028	2096	2094	2132	2074	2110	2084	2096	2039	1925	1943	1936	1936	2022	2113	2107	2150	2183	2275	2299	2295	2293	2287	2325
2 persons	Polling area - 6. Bispebjerg	1827	1809	1787	1754	1763	1765	1735	1768	1763	1760	1820	1826	1854	1855	1804	1844	1909	2073	2032	2084	2112	2195	2268	2282	2379	2450	2419	2519	2561	2560	2549
2 persons	Polling area - 6. Vest	999	953	927	878	1025	1088	1089	1064	1061	1053	1065	1063	1068	1104	1065	1061	1059	1027	1029	1064	1095	1104	1122	1162	1221	1239	1228	1241	1217	1217	1218
2 persons	Polling area - 6. Nord	1595	1533	1551	1489	1336	1317	1298	1299	1303	1303	1306	1293	1313	1269	1261	1244	1292	1314	1320	1296	1353	1407	1365	1389	1401	1414	1408	1454	1469	1476	1478
2 persons	Polling area - 6. Øst	963	925	910	929	915	920	902	861	881	842	850	856	848	853	851	873	834	822	845	834	859	881	865	908	929	986	988	1032	1016	1028	951
2 persons	Polling area - 6. Syd	1797	1751	1759	1738	1718	1682	1700	1764	1704	1757	1793	1814	1777	1761	1757	1748	1763	1827	1854	1895	1931	2028	2089	2142	2218	2383	2350	2385	2385	2374	2352
2 persons	Polling area - 7. Brønshøj	757	722	724	699	672	697	676	669	675	663	665	662	651	663	698	675	658	647	657	700	712	686	692	710	718	729	721	691	712	725	714
2 persons	Polling area - 7. Nord	767	745	728	697	662	648	672	641	619	603	598	608	610	625	585	608	618	601	633	659	582	598	614	607	552	545	537	580	551	559	587
2 persons	Polling area - 7. Syd	1461	1413	1430	1422	1433	1445	1428	1413	1434	1413	1430	1411	1405	1395	1443	1389	1366	1346	1342	1389	1389	1416	1468	1495	1469	1498	1529	1517	1491	1487	1513
2 persons	Polling area - 7. Øst	1782	1715	1693	1666	1637	1635	1634	1595	1586	1638	1618	1607	1589	1549	1547	1572	1546	1520	1483	1487	1537	1540	1542	1562	1582	1623	1619	1658	1638	1669	1631
2 persons	Polling area - 7. Vest	1498	1452	1410	1352	1460	1419	1385	1363	1365	1309	1261	1246	1261	1245	1233	1199	1163	1139	1175	1156	1167	1198	1226	1202	1175	1204	1177	1203	1213	1201	1164
2 persons	Polling area - 7. Nordvest	1810	1758	1710	1691	1640	1607	1603	1600	1575	1585	1588	1614	1579	1567	1566	1532	1470	1511	1514	1479	1460	1432	1451	1486	1444	1518	1515	1536	1529	1472	1471
2 persons	Polling area - 7. Katrinedal	737	723	739	730	702	675	703	685	703	690	816	828	785	796	794	813	768	794	769	755	748	801	790	821	831	824	853	855	921	927	918
2 persons	Polling area - 7. Kirkebjerg	1249	1189	1165	1177	1134	1020	983	998	1040	1059	888	849	856	879	865	870	863	879	862	888	866	862	820	871	911	919	909	923	917	921	914
2 persons	Polling area - 7. Vanløse	1958	1977	1982	1991	1989	2011	2000	2000	1994	2006	1992	2000	2023	1995	1941	1873	1880	1856	1831	1835	1885	2000	1986	2027	2067	2123	2178	2218	2216	2154	2166
2 persons	Polling area - 8. Valby	1495	1479	1469	1465	1460	1569	1516	1497	1548	1517	1528	1481	1496	1434	1490	1465	1403	1423	1427	1447	1456	1463	1503	1523	1565	1558	1578	1586	1550	1569	1552
2 persons	Polling area - 8. Nord	1758	1745	1676	1681	1660	1704	1627	1652	1648	1674	1645	1668	1674	1634	1700	1658	1665	1664	1690	1725	1720	1739	1789	1850	1929	1957	2013	2054	2055	2061	2064
2 persons	Polling area - 8. Syd	1227	1176	1173	1118	1070	1070	1091	1075	1056	1046	1019	982	1031	1007	1020	973	954	979	945	987	936	936	938	974	952	953	983	1158	1340	1503	1764
2 persons	Polling area - 8. Vest	1083	1009	1034	1000	985	985	969	971	974	969	939	921	906	925	913	946	920	946	897	911	901	898	961	928	926	928	972	997	1035	1083	1093
2 persons	Polling area - 8. Sydøst	739	772	752	681	683	671	671	674	690	681	661	696	695	681	675	673	623	637	665	646	649	646	683	691	713	717	821	872	888	864	849
2 persons	Polling area - 8. Midt	982	932	944	960	931	942	960	1008	987	971	982	1005	992	937	948	932	947	1030	1079	1069	1148	1135	1122	1222	1243	1329	1389	1470	1536	1630	1670
2 persons	Polling area - 9. Vesterbro	1563	1559	1516	1515	1567	1565	1588	1611	1658	1644	1703	1582	1570	1575	1517	1463	1424	1347	1403	1491	1510	1523	1518	1515	1589	1560	1540	1520	1530	1561	1557
2 persons	Polling area - 9. Nord	1582	1597	1666	1641	1613	1693	1718	1756	1815	1830	1768	1763	1794	1762	1754	1665	1604	1612	1691	1664	1673	1696	1747	1743	1796	1858	1840	1787	1747	1739	1779
2 persons	Polling area - 9. Syd	1639	1604	1589	1531	1736	1738	1725	1714	1734	1819	1853	1824	1800	1727	1751	1670	1695	1699	1668	1688	1715	1755	1758	1781	1815	1855	1875	1848	1922	1890	1874
2 persons	Polling area - 9. Øst	1189	1190	1206	1239	1175	1219	1207	1260	1244	1325	1344	1327	1332	1362	1271	1285	1255	1221	1239	1283	1279	1262	1278	1303	1323	1373	1368	1379	1365	1412	1386
2 persons	Polling area - 9. Vest	1127	1072	1071	1068	1082	980	997	1018	1049	1066	1075	1079	1104	1085	1081	1120	1052	1073	1018	1070	1076	1023	1091	1123	1135	1151	1136	1195	1228	1267	1285
2 persons	Polling area - 9. Midt	609	588	583	575	580	564	566	562	575	583	594	616	595	585	588	575	535	560	540	567	553	589	637	647	659	675	693	721	718	711	763
2 persons	Polling area - 9. Sydhavn	226	216	200	188	2	0	0	2	2	2	1	1	1	0	13	60	239	349	625	760	897	901	898	964	1035	1178	1466	1799	2108	2595	2963
3 persons	Copenhagen total	23710	23949	24339	24514	24919	25391	25835	25741	25941	26218	26385	26801	27101	27445	27057	26947	27285	28014	29303	30677	31847	33040	34100	35007	35731	36696	38136	39066	40186	40843	41127
3 persons	District - Indre By	2213	2237	2224	2286	2319	2307	2426	2447	2450	2481	2522	2468	2551	2578	2521	2580	2657	2561	2691	2850	2962	3012	3061	3175	3274	3450	3562	3583	3643	3568	3531
3 persons	District - Østerbro	3253	3263	3311	3457	3416	3556	3644	3669	3608	3657	3683	3814	3928	3928	3867	3826	3723	3908	4001	4223	4272	4421	4575	4575	4676	4998	5074	5147	5117	5124	5087
3 persons	District - Nørrebro	3451	3550	3666	3604	3713	3768	3771	3752	3832	3891	3912	3970	4029	3944	3866	3767	3753	3838	3961	4243	4363	4494	4778	5043	5237	5366	5312	5467	5486	5343	5241
3 persons	District - Vesterbro/Kongens Enghave	2291	2342	2350	2400	2395	2434	2524	2614	2661	2776	2813	2934	2953	2958	2961	2887	3018	3074	3202	3474	3727	3948	3946	4058	4059	4095	4465	4733	4970	5297	5441
3 persons	District - Valby	2247	2213	2226	2241	2263	2423	2490	2395	2422	2410	2383	2425	2431	2521	2472	2481	2461	2513	2664	2762	2852	2949	3039	3153	3153	3260	3484	3631	3874	3956	4257
3 persons	District - Vanløse	1873	1836	1901	1891	1940	1909	1975	1908	1852	1830	1889	1910	1945	1981	1904	1893	1904	1917	1993	2014	2021	2053	2145	2179	2175	2220	2291	2289	2313	2299	2288
3 persons	District - Brønshøj-Husum	2090	2120	2110	2078	2156	2178	2197	2177	2195	2182	2169	2146	2181	2186	2132	2075	2051	2044	2154	2167	2244	2358	2431	2459	2479	2478	2565	2550	2574	2661	2624
3 persons	District - Bispebjerg	1564	1666	1677	1655	1739	1804	1858	1842	1976	2062	2102	2110	2085	2196	2154	2157	2183	2367	2496	2620	2745	2918	2977	3100	3163	3152	3304	3288	3415	3376	3235
3 persons	District - Amager Øst	2355	2365	2406	2456	2509	2502	2485	2459	2489	2423	2440	2518	2511	2631	2622	2530	2580	2627	2739	2815	2992	3062	3174	3260	3373	3427	3560	3614	3717	3739	3822
3 persons	District - Amager Vest	2373	2357	2468	2446	2469	2510	2465	2478	2456	2506	2472	2506	2487	2522	2558	2751	2955	3165	3402	3509	3669	3825	3974	4005	4142	4250	4519	4764	5077	5480	5601
3 persons	District - Unlocated	0	0	0	0	0	0	0	0	0	0	0	0	0	0	0	0	0	0	0	0	0	0	0	0	0	0	0	0	0	0	0
3 persons	Polling area - 1. Østerbro	633	633	662	630	612	706	774	811	773	796	791	784	790	805	806	808	785	797	800	881	883	915	922	930	952	1022	979	1042	983	992	956
3 persons	Polling area - 1. Øst	276	294	291	336	337	341	350	344	330	357	342	390	399	386	356	348	357	393	428	467	488	501	530	528	549	580	693	767	742	774	823
3 persons	Polling area - 1. Nord	344	334	343	328	313	312	331	325	345	341	351	367	371	354	373	384	357	376	401	433	397	402	436	435	436	478	501	478	485	489	482
3 persons	Polling area - 1. Syd	811	814	789	824	814	827	813	825	842	810	831	875	894	894	897	907	880	901	911	932	959	1015	1015	978	1000	1036	1065	1024	1024	1026	1002
3 persons	Polling area - 1. Vest	599	612	629	713	703	719	731	720	705	729	699	727	778	776	740	719	727	769	768	798	843	851	890	937	954	1030	1009	1005	998	975	956
3 persons	Polling area - 1. Nordvest	590	576	597	626	637	651	645	644	613	624	669	671	696	713	695	660	617	672	693	712	702	737	782	767	785	852	827	831	885	868	868
3 persons	Polling area - 2. Sundbyvester	698	677	689	675	701	679	674	663	690	671	668	684	668	664	650	660	689	699	703	689	710	728	749	724	794	788	789	779	826	838	823
3 persons	Polling area - 2. Nord	778	794	864	870	866	917	874	875	847	880	878	868	876	886	842	837	842	835	887	913	942	956	972	1021	1001	1061	1078	1094	1136	1117	1093
3 persons	Polling area - 2. Syd	125	135	130	138	141	128	132	134	124	129	125	134	131	135	145	170	207	350	473	540	598	663	725	776	749	764	890	1106	1385	1743	1908
3 persons	Polling area - 2. Øst	466	437	446	451	432	437	435	463	461	471	445	462	437	443	460	515	540	558	582	575	564	603	599	581	604	631	683	695	673	678	680
3 persons	Polling area - 2. Vest	306	314	339	312	329	349	350	343	334	355	356	358	375	394	461	569	677	723	757	792	855	875	929	903	994	1006	1079	1090	1057	1104	1097
3 persons	Polling area - 3. Indre By	638	606	612	628	661	653	700	713	726	725	769	722	778	761	729	742	769	742	789	819	856	927	936	1006	979	1037	1084	1040	1066	1098	1082
3 persons	Polling area - 3. Nord	455	442	456	489	492	474	489	503	504	489	512	475	469	474	487	484	485	474	499	539	572	537	521	538	552	583	567	598	597	586	577
3 persons	Polling area - 3. Syd	388	454	434	413	416	431	462	435	437	451	478	495	515	556	535	578	571	580	600	649	677	630	688	695	823	851	903	901	901	871	852
3 persons	Polling area - 3. Øst	732	735	722	756	750	749	775	796	783	816	763	776	789	787	770	776	832	765	803	843	857	918	916	936	920	979	1008	1044	1079	1013	1020
3 persons	Polling area - 4. Sundbyøster	453	426	459	483	511	492	502	495	499	479	487	507	515	553	553	547	541	583	605	637	678	684	713	739	735	737	825	858	928	1040	1177
3 persons	Polling area - 4. Nord	882	913	907	930	936	954	924	922	925	916	898	910	908	992	993	959	970	981	1010	1013	1074	1136	1178	1227	1253	1288	1306	1293	1317	1271	1212
3 persons	Polling area - 4. Syd	493	495	520	506	503	475	517	539	545	517	517	550	520	510	500	497	506	490	533	562	599	605	624	613	611	618	612	656	667	644	616
3 persons	Polling area - 4. Øst	527	531	520	537	559	581	542	503	520	511	538	551	568	576	576	527	563	573	591	603	641	637	659	681	774	784	817	807	805	784	817
3 persons	Polling area - 5. Nørrebro	344	373	381	371	399	413	408	402	439	420	449	422	430	413	399	386	393	410	441	472	473	499	507	570	607	595	604	598	585	609	584
3 persons	Polling area - 5. Nord	497	506	526	513	560	530	558	579	597	609	598	638	616	623	616	606	582	601	604	649	666	696	717	741	775	843	850	819	855	825	808
3 persons	Polling area - 5. Nørrebrohallen	726	749	751	721	716	731	719	692	680	690	702	693	739	680	673	656	621	684	710	750	785	826	891	951	992	963	976	994	1024	998	981
3 persons	Polling area - 5. Syd	479	484	488	501	507	530	540	533	529	550	549	530	538	524	504	523	507	511	524	524	511	540	546	556	588	610	582	597	594	580	589
3 persons	Polling area - 5. Øst	367	377	398	408	422	447	462	456	464	462	471	472	519	519	510	463	451	450	480	550	588	542	622	651	695	747	682	701	692	648	672
3 persons	Polling area - 5. Vest	437	456	472	474	502	495	478	470	496	494	511	531	547	527	513	509	564	527	536	532	559	598	650	681	669	718	722	785	765	722	677
3 persons	Polling area - 5. Nordvest	601	605	650	616	607	622	606	620	627	666	632	684	640	658	651	624	635	655	666	766	781	793	845	893	911	890	896	973	971	961	930
3 persons	Polling area - 6. Bispebjerg	322	358	365	362	413	408	416	432	428	435	453	455	464	487	490	466	494	594	656	706	740	789	787	853	862	841	920	947	989	976	948
3 persons	Polling area - 6. Vest	232	233	245	260	276	341	336	351	385	400	408	409	396	400	388	408	404	417	430	420	442	461	480	516	501	519	528	548	571	555	515
3 persons	Polling area - 6. Nord	411	411	410	399	372	379	398	373	424	439	443	438	443	470	450	470	471	495	491	517	506	559	577	587	594	620	610	572	595	578	573
3 persons	Polling area - 6. Øst	213	227	218	206	229	209	233	227	249	277	281	285	266	288	278	264	291	292	304	335	322	333	358	335	355	351	360	371	360	378	372
3 persons	Polling area - 6. Syd	386	437	439	428	449	467	475	459	490	511	517	523	516	551	548	549	523	569	615	642	735	776	775	809	851	821	886	850	900	889	827
3 persons	Polling area - 7. Brønshøj	274	286	285	292	293	305	299	272	295	275	283	285	295	296	279	275	276	279	288	273	282	292	306	291	305	283	307	318	311	308	300
3 persons	Polling area - 7. Nord	396	396	401	369	383	368	377	396	402	391	357	359	359	356	353	345	326	325	330	324	323	343	367	365	386	363	361	366	393	378	377
3 persons	Polling area - 7. Syd	433	438	431	445	454	434	469	477	445	455	451	484	492	507	441	436	466	467	469	466	478	502	506	529	537	546	580	602	616	626	609
3 persons	Polling area - 7. Øst	529	527	538	530	533	523	541	530	527	560	582	585	600	614	602	578	578	604	629	625	635	658	697	701	701	697	716	691	717	742	735
3 persons	Polling area - 7. Vest	377	392	390	388	482	485	472	459	460	450	459	423	443	446	438	438	432	427	491	469	487	543	539	555	520	552	601	589	583	608	629
3 persons	Polling area - 7. Nordvest	664	664	658	647	623	646	662	646	651	656	641	630	634	628	611	586	589	569	596	643	674	685	699	722	734	743	752	748	727	773	736
3 persons	Polling area - 7. Katrinedal	190	170	172	193	207	212	202	190	186	178	244	232	232	249	228	219	227	236	234	247	252	247	263	287	287	297	325	302	313	310	327
3 persons	Polling area - 7. Kirkebjerg	533	538	553	555	545	489	512	512	483	450	423	467	460	454	449	460	441	425	440	438	438	440	455	435	434	442	446	455	463	477	493
3 persons	Polling area - 7. Vanløse	567	545	583	550	576	625	638	603	598	597	618	591	611	617	635	631	620	629	670	696	696	701	744	753	750	775	768	768	764	738	706
3 persons	Polling area - 8. Valby	529	532	517	521	549	665	678	633	628	617	603	590	607	626	630	627	648	614	630	672	646	610	637	674	666	674	691	703	725	725	729
3 persons	Polling area - 8. Nord	451	446	474	469	494	508	544	509	499	494	502	513	497	548	521	510	530	554	605	621	644	695	717	735	686	705	752	778	792	780	788
3 persons	Polling area - 8. Syd	327	321	313	312	309	309	312	331	337	324	317	339	344	347	349	359	339	364	382	383	397	428	443	406	443	459	458	565	634	729	958
3 persons	Polling area - 8. Vest	389	343	337	344	323	344	346	353	351	350	352	375	391	373	363	359	350	336	348	366	374	392	406	452	427	444	461	420	434	435	436
3 persons	Polling area - 8. Sydøst	324	321	339	344	328	323	319	310	311	309	302	292	282	286	278	290	281	277	277	277	304	290	265	273	344	369	426	400	437	434	445
3 persons	Polling area - 8. Midt	227	250	246	251	260	274	291	259	296	316	307	316	310	341	331	336	313	368	422	443	487	534	571	613	587	609	696	765	852	853	901
3 persons	Polling area - 9. Vesterbro	445	447	442	467	484	459	460	509	516	573	543	588	611	594	622	579	566	585	563	600	647	680	708	696	679	720	730	729	723	685	706
3 persons	Polling area - 9. Nord	453	471	487	502	512	570	570	561	567	584	635	652	658	662	647	645	668	642	608	663	721	779	768	842	805	768	852	859	848	854	804
3 persons	Polling area - 9. Syd	455	478	449	488	505	498	545	538	573	564	564	596	550	565	559	537	520	534	527	563	576	636	619	673	647	665	661	631	620	611	614
3 persons	Polling area - 9. Øst	362	314	348	360	356	385	409	425	446	491	521	513	546	533	528	505	530	535	553	571	604	634	630	658	649	638	667	691	722	704	686
3 persons	Polling area - 9. Vest	384	423	415	393	394	366	395	431	393	405	388	417	425	430	427	444	496	468	491	516	528	560	529	507	528	532	582	644	682	741	707
3 persons	Polling area - 9. Midt	143	144	141	138	144	155	145	150	166	159	162	167	163	173	176	172	183	184	194	194	209	218	224	234	207	207	196	183	205	204	199
3 persons	Polling area - 9. Sydhavn	49	65	68	52	0	1	0	0	0	0	0	1	0	1	2	5	55	126	266	367	442	441	468	448	544	565	777	996	1170	1498	1725
4 persons	Copenhagen total	12579	12799	13033	13273	13620	13998	14476	14843	15289	15932	16373	16725	16920	17237	17338	17574	17842	18304	18904	19774	20853	21745	22710	23467	24209	24841	25520	26187	26975	27812	27962
4 persons	District - Indre By	1008	1003	1029	1084	1099	1151	1179	1172	1243	1318	1356	1405	1422	1432	1506	1521	1537	1660	1718	1744	1810	1879	1932	1977	2091	2127	2208	2175	2326	2351	2355
4 persons	District - Østerbro	1508	1470	1553	1599	1607	1701	1807	1829	1940	2046	2125	2142	2146	2294	2357	2348	2409	2421	2529	2599	2771	2908	2982	3098	3147	3078	3255	3366	3460	3479	3446
4 persons	District - Nørrebro	1541	1642	1716	1698	1780	1816	1937	1936	1972	2044	2144	2205	2241	2306	2262	2241	2195	2272	2302	2415	2532	2618	2736	2775	2785	2984	3036	3117	3062	3107	3046
4 persons	District - Vesterbro/Kongens Enghave	1057	1040	1002	1053	1053	1066	1091	1137	1195	1261	1306	1317	1409	1495	1532	1538	1603	1679	1777	1927	2054	2190	2337	2421	2521	2621	2690	2863	3028	3184	3209
4 persons	District - Valby	1414	1489	1513	1482	1499	1512	1521	1582	1620	1643	1732	1713	1706	1713	1712	1697	1723	1753	1814	1913	2016	2119	2213	2317	2364	2409	2504	2558	2683	2854	2888
4 persons	District - Vanløse	1208	1259	1254	1286	1338	1407	1366	1417	1455	1491	1503	1533	1498	1478	1481	1561	1533	1540	1573	1599	1670	1758	1830	1873	1881	1978	1983	2007	2035	2062	2016
4 persons	District - Brønshøj-Husum	1422	1463	1475	1559	1601	1611	1718	1820	1828	1881	1907	1950	1972	1966	1968	1956	1956	1947	1931	1978	2069	2146	2170	2257	2373	2390	2361	2389	2430	2376	2383
4 persons	District - Bispebjerg	866	872	878	907	934	1008	1039	1074	1095	1163	1136	1235	1297	1295	1269	1279	1316	1293	1387	1466	1581	1636	1766	1804	1825	1844	1898	1913	1930	1934	1954
4 persons	District - Amager Øst	1115	1153	1180	1220	1254	1268	1305	1324	1368	1491	1531	1555	1558	1577	1582	1637	1655	1708	1765	1885	1959	1986	2091	2068	2209	2265	2305	2288	2361	2509	2534
4 persons	District - Amager Vest	1440	1408	1433	1385	1455	1458	1513	1552	1573	1594	1633	1670	1671	1681	1669	1796	1915	2031	2108	2248	2391	2505	2653	2877	3013	3145	3280	3511	3660	3956	4131
4 persons	District - Unlocated	0	0	0	0	0	0	0	0	0	0	0	0	0	0	0	0	0	0	0	0	0	0	0	0	0	0	0	0	0	0	0
4 persons	Polling area - 1. Østerbro	265	262	267	287	298	340	366	369	394	446	450	446	452	491	510	529	540	531	542	578	610	642	661	688	723	655	705	700	720	694	664
4 persons	Polling area - 1. Øst	107	114	131	111	122	127	135	133	151	171	187	187	189	201	182	181	192	205	213	232	257	289	282	311	305	318	391	414	457	471	477
4 persons	Polling area - 1. Nord	175	187	195	181	180	168	184	194	202	204	201	201	201	227	238	231	245	227	237	231	251	263	262	290	287	267	259	297	294	320	323
4 persons	Polling area - 1. Syd	375	345	367	359	372	395	414	411	464	490	505	514	529	542	588	587	605	598	664	689	733	737	768	782	770	773	777	810	827	829	817
4 persons	Polling area - 1. Vest	285	282	308	359	366	368	377	388	394	379	412	415	406	424	408	410	417	443	469	486	492	537	549	558	584	578	628	633	652	647	618
4 persons	Polling area - 1. Nordvest	301	280	285	302	269	303	331	334	335	356	370	379	369	409	431	410	410	417	404	383	428	440	460	469	478	487	495	512	510	518	547
4 persons	Polling area - 2. Sundbyvester	400	408	416	389	410	404	425	422	436	449	449	485	505	505	481	494	491	514	517	555	554	554	576	606	628	659	654	668	665	676	666
4 persons	Polling area - 2. Nord	474	436	446	425	447	459	463	489	498	509	508	520	489	489	498	512	489	509	494	478	510	527	556	599	640	648	645	636	641	639	662
4 persons	Polling area - 2. Syd	95	100	99	104	99	111	98	92	96	100	104	104	103	108	103	124	170	206	249	269	339	395	444	503	546	561	612	751	870	1096	1214
4 persons	Polling area - 2. Øst	362	361	366	349	378	384	411	417	408	400	423	406	409	394	404	420	467	454	466	490	506	508	533	535	543	576	621	665	664	691	710
4 persons	Polling area - 2. Vest	109	103	106	118	121	100	116	132	135	136	149	155	165	185	183	246	298	348	382	456	482	521	544	634	656	701	748	791	820	854	879
4 persons	Polling area - 3. Indre By	242	256	262	276	271	280	297	277	295	324	313	347	358	357	377	362	383	414	432	480	484	511	518	551	596	607	611	622	689	721	732
4 persons	Polling area - 3. Nord	279	258	269	285	295	329	314	317	337	365	356	375	383	377	394	399	402	410	411	413	446	486	500	504	521	511	550	501	521	516	517
4 persons	Polling area - 3. Syd	180	179	183	202	201	205	198	219	239	253	268	275	280	293	314	309	312	343	363	358	352	376	393	406	447	475	502	509	549	526	512
4 persons	Polling area - 3. Øst	307	310	315	321	332	337	370	359	372	376	419	408	401	405	421	451	440	493	512	493	528	506	521	516	527	534	545	543	567	588	594
4 persons	Polling area - 4. Sundbyøster	203	214	214	224	218	220	202	216	218	256	252	239	226	252	246	270	294	284	309	350	373	387	408	374	377	417	437	471	535	600	661
4 persons	Polling area - 4. Nord	315	315	334	361	383	389	425	431	424	464	485	497	488	473	443	467	470	479	519	553	579	591	604	579	601	601	616	584	594	639	626
4 persons	Polling area - 4. Syd	281	286	273	278	300	304	307	298	328	367	352	348	370	377	375	369	356	393	390	400	411	406	442	444	461	453	460	438	444	460	438
4 persons	Polling area - 4. Øst	316	338	359	357	353	355	371	379	398	404	442	471	474	475	518	531	535	552	547	582	596	602	637	671	770	794	792	795	788	810	809
4 persons	Polling area - 5. Nørrebro	158	160	176	173	169	171	194	196	198	208	212	201	216	233	239	239	240	243	261	259	275	284	296	304	291	340	352	396	390	370	394
4 persons	Polling area - 5. Nord	182	218	223	236	241	245	264	238	252	254	282	292	323	335	318	318	285	305	298	305	311	315	344	359	342	358	359	392	379	410	375
4 persons	Polling area - 5. Nørrebrohallen	330	387	441	399	454	460	472	474	464	488	487	501	487	481	481	479	477	468	457	489	492	502	532	529	545	581	587	613	564	559	539
4 persons	Polling area - 5. Syd	258	262	256	266	295	285	291	286	324	333	336	348	339	345	315	312	319	312	311	319	352	345	355	364	361	366	372	367	371	386	380
4 persons	Polling area - 5. Øst	138	137	137	149	144	168	189	196	195	206	231	255	246	267	276	285	279	293	314	327	358	384	409	404	391	411	415	415	408	416	421
4 persons	Polling area - 5. Vest	241	235	248	232	228	244	254	270	267	287	310	315	326	340	327	326	280	303	332	360	361	374	381	360	410	413	451	427	437	453	444
4 persons	Polling area - 5. Nordvest	234	243	235	243	249	243	273	276	272	268	286	293	304	305	306	282	315	348	329	356	383	414	419	455	445	515	500	507	513	513	493
4 persons	Polling area - 6. Bispebjerg	137	132	115	121	136	156	181	152	161	183	183	193	206	226	223	209	224	251	299	331	357	385	415	404	402	428	432	441	473	492	496
4 persons	Polling area - 6. Vest	131	122	127	129	166	185	197	219	211	247	232	287	302	277	274	259	274	266	266	258	286	309	349	358	357	363	388	382	367	375	390
4 persons	Polling area - 6. Nord	268	281	277	297	294	307	306	318	324	340	328	326	330	355	341	351	359	334	352	379	393	408	432	469	477	478	481	479	464	451	450
4 persons	Polling area - 6. Øst	126	135	156	152	145	159	149	164	162	156	170	179	191	170	181	201	203	192	194	188	205	207	208	214	214	225	226	220	224	214	202
4 persons	Polling area - 6. Syd	204	202	203	208	193	201	206	221	237	237	223	250	268	267	250	259	256	250	276	310	340	327	362	359	375	350	371	391	402	402	416
4 persons	Polling area - 7. Brønshøj	229	247	244	249	257	241	269	268	254	274	265	285	265	263	276	261	261	258	254	280	263	278	276	282	288	310	315	322	303	310	306
4 persons	Polling area - 7. Nord	195	190	182	203	202	225	276	279	299	321	335	328	325	300	314	304	285	292	261	264	287	313	324	348	380	371	354	361	368	349	326
4 persons	Polling area - 7. Syd	259	281	298	314	317	327	308	334	346	342	347	349	346	330	358	381	355	355	350	360	365	401	447	450	452	478	471	469	499	487	492
4 persons	Polling area - 7. Øst	347	356	351	371	371	384	386	411	425	470	477	506	493	499	490	499	528	494	519	530	567	598	597	626	673	668	671	675	701	693	678
4 persons	Polling area - 7. Vest	266	273	269	282	312	311	346	370	359	326	338	339	357	364	358	361	370	362	371	390	424	423	447	462	493	492	476	481	484	472	489
4 persons	Polling area - 7. Nordvest	481	504	531	551	550	544	541	598	593	591	594	601	639	646	645	650	630	654	639	638	656	679	671	684	687	699	702	711	739	726	741
4 persons	Polling area - 7. Katrinedal	106	105	114	99	107	115	121	125	138	153	162	176	174	165	157	162	168	182	187	185	223	226	237	225	226	250	228	247	254	251	246
4 persons	Polling area - 7. Kirkebjerg	432	435	425	443	481	448	416	428	437	447	432	416	415	439	416	453	451	443	468	457	468	477	495	504	499	494	510	535	531	526	510
4 persons	Polling area - 7. Vanløse	315	331	315	333	342	423	421	424	432	448	460	483	456	438	435	446	441	447	455	473	486	509	506	549	556	606	617	595	586	624	611
4 persons	Polling area - 8. Valby	353	365	386	391	403	438	468	496	499	499	531	544	550	547	513	527	536	568	549	558	573	610	621	619	628	647	669	658	636	645	680
4 persons	Polling area - 8. Nord	230	234	232	226	230	234	240	243	284	277	278	273	274	276	269	276	282	270	308	339	363	362	377	402	413	413	420	406	428	457	416
4 persons	Polling area - 8. Syd	219	221	238	237	229	231	218	224	239	242	243	235	244	253	249	241	242	223	216	234	272	291	301	307	313	319	360	365	440	496	553
4 persons	Polling area - 8. Vest	258	266	257	261	254	229	224	233	220	227	248	259	245	250	255	239	231	243	257	259	257	275	287	313	297	313	302	339	336	329	329
4 persons	Polling area - 8. Sydøst	227	245	238	220	207	225	222	228	224	214	234	206	202	195	229	218	231	231	229	242	233	243	271	272	298	297	317	351	333	354	349
4 persons	Polling area - 8. Midt	127	158	162	147	176	155	149	158	154	184	198	196	191	192	197	196	201	218	255	281	318	338	356	404	415	420	436	439	510	573	561
4 persons	Polling area - 9. Vesterbro	162	171	161	191	178	180	167	188	206	217	220	229	238	254	254	271	300	315	305	344	335	370	412	425	444	457	474	493	489	496	488
4 persons	Polling area - 9. Nord	203	218	214	227	217	233	238	235	260	275	273	280	294	338	355	363	373	383	400	422	461	453	466	472	496	525	487	505	538	516	505
4 persons	Polling area - 9. Syd	212	199	198	205	234	231	248	262	277	297	306	306	330	334	313	279	282	278	301	301	306	310	351	353	360	339	364	389	428	426	388
4 persons	Polling area - 9. Øst	152	162	142	146	146	137	143	157	157	170	195	212	233	240	294	292	279	304	322	349	363	386	398	435	434	465	460	439	421	427	431
4 persons	Polling area - 9. Vest	233	203	203	216	223	231	231	221	219	222	236	218	245	248	243	270	280	298	291	308	330	346	377	387	390	399	391	408	440	487	511
4 persons	Polling area - 9. Midt	59	60	63	47	54	53	62	73	75	79	75	72	69	80	72	58	70	58	67	78	78	96	95	94	112	112	104	112	88	87	80
4 persons	Polling area - 9. Sydhavn	36	27	21	21	1	1	2	1	1	1	1	0	0	1	1	5	19	43	91	125	181	229	238	255	285	324	410	517	624	745	806
5 persons	Copenhagen total	3517	3506	3610	3724	3942	4123	4391	4694	4961	5102	5409	5419	5638	5675	5700	5637	5759	5912	6130	6358	6673	7133	7349	7653	7910	8290	8521	8618	8791	8790	8686
5 persons	District - Indre By	275	262	269	264	294	300	286	289	316	335	341	354	395	443	407	432	455	474	510	539	561	590	628	651	639	683	707	726	700	704	704
5 persons	District - Østerbro	385	390	379	410	448	433	481	498	533	540	542	565	612	621	635	648	631	648	694	756	778	793	863	885	870	932	965	970	950	959	928
5 persons	District - Nørrebro	535	533	534	595	606	695	737	834	867	885	923	930	930	938	936	870	925	947	939	951	1007	1068	1052	1056	1021	1043	1076	1043	1075	1038	1023
5 persons	District - Vesterbro/Kongens Enghave	362	373	389	366	391	405	404	433	461	463	489	496	502	497	465	505	494	499	538	555	603	661	678	682	724	747	757	782	810	837	840
5 persons	District - Valby	393	399	418	415	438	491	488	523	544	568	573	602	606	599	594	599	568	555	599	596	641	673	710	729	798	846	866	911	934	926	914
5 persons	District - Vanløse	262	259	268	281	271	281	305	335	363	375	400	398	429	440	460	435	450	473	476	479	504	534	562	582	638	646	666	676	686	685	683
5 persons	District - Brønshøj-Husum	374	385	416	426	473	474	544	583	621	656	702	670	679	724	710	719	737	768	773	767	797	853	908	930	989	1031	1065	1051	1086	1051	1051
5 persons	District - Bispebjerg	277	241	257	254	295	288	337	365	369	388	464	451	465	442	462	433	442	463	451	479	514	580	595	645	698	747	711	695	715	699	648
5 persons	District - Amager Øst	280	306	314	332	358	378	394	424	431	425	452	439	472	449	472	440	468	477	514	534	538	600	564	631	637	674	689	724	730	718	730
5 persons	District - Amager Vest	374	358	366	381	368	378	415	410	456	467	523	514	548	522	559	556	589	608	636	702	730	781	789	862	896	941	1019	1040	1105	1173	1165
5 persons	District - Unlocated	0	0	0	0	0	0	0	0	0	0	0	0	0	0	0	0	0	0	0	0	0	0	0	0	0	0	0	0	0	0	0
5 persons	Polling area - 1. Østerbro	60	71	57	66	69	69	73	69	88	93	97	111	107	112	125	122	125	122	135	141	149	152	153	176	157	185	181	164	171	182	170
5 persons	Polling area - 1. Øst	39	26	27	27	32	28	35	37	39	35	34	45	52	52	39	41	40	43	45	51	50	53	57	66	61	77	83	96	93	103	101
5 persons	Polling area - 1. Nord	47	49	49	53	46	49	47	62	65	72	60	71	67	61	67	74	71	76	91	101	95	92	102	94	101	107	109	104	97	99	95
5 persons	Polling area - 1. Syd	86	87	91	103	118	98	121	119	115	110	133	117	137	141	155	149	150	172	175	199	198	212	225	230	221	228	240	248	230	238	229
5 persons	Polling area - 1. Vest	73	72	70	89	94	102	117	122	121	124	115	119	124	132	127	119	110	110	116	116	135	127	151	148	160	165	171	179	189	174	165
5 persons	Polling area - 1. Nordvest	80	85	85	72	89	87	88	89	105	106	103	102	125	123	122	143	135	125	132	148	151	157	175	171	170	170	181	179	170	163	168
5 persons	Polling area - 2. Sundbyvester	129	115	124	125	120	123	124	128	129	132	160	156	145	135	154	144	157	158	174	191	196	211	200	198	202	215	229	235	223	217	205
5 persons	Polling area - 2. Nord	93	93	93	95	110	99	124	124	145	150	170	166	187	174	169	174	178	172	174	181	191	184	196	204	197	217	234	231	235	236	213
5 persons	Polling area - 2. Syd	19	15	22	22	19	26	34	29	38	36	32	32	31	29	30	31	30	57	62	81	81	106	109	129	166	158	150	179	220	290	328
5 persons	Polling area - 2. Øst	105	119	112	120	102	104	106	109	117	117	125	121	140	142	148	151	149	159	150	157	169	169	173	194	184	196	226	226	240	243	247
5 persons	Polling area - 2. Vest	28	16	15	19	17	26	27	20	27	32	36	39	45	42	58	56	75	62	76	92	93	111	111	137	147	155	180	169	187	187	172
5 persons	Polling area - 3. Indre By	65	57	61	66	75	78	72	83	81	83	75	76	98	105	110	125	125	129	145	156	166	180	188	193	203	233	253	242	239	247	240
5 persons	Polling area - 3. Nord	83	95	93	82	84	78	83	77	94	105	104	108	108	129	109	104	112	128	127	127	149	155	159	172	153	160	148	164	146	138	127
5 persons	Polling area - 3. Syd	39	31	36	40	46	49	45	43	54	49	53	64	59	68	64	76	81	84	91	103	97	92	100	105	108	128	139	143	147	159	152
5 persons	Polling area - 3. Øst	88	79	79	76	89	95	86	86	87	98	109	106	130	141	124	127	137	133	147	153	149	163	181	181	175	162	167	177	168	160	185
5 persons	Polling area - 4. Sundbyøster	55	57	54	62	63	67	81	78	91	81	76	69	87	74	76	65	78	89	89	98	101	118	109	123	127	111	119	131	143	149	152
5 persons	Polling area - 4. Nord	81	98	104	101	121	130	137	144	151	140	156	149	168	141	155	138	129	135	160	160	153	164	158	173	152	177	182	159	172	154	156
5 persons	Polling area - 4. Syd	67	59	64	70	73	84	71	84	76	79	87	85	74	85	99	104	120	107	97	113	110	123	115	133	124	140	144	160	145	151	151
5 persons	Polling area - 4. Øst	77	92	92	99	101	97	105	118	113	125	133	136	143	149	142	133	141	146	168	163	174	195	182	202	234	246	244	274	270	264	271
5 persons	Polling area - 5. Nørrebro	70	70	55	62	63	76	74	78	88	103	98	101	89	92	93	75	84	84	89	100	95	92	107	89	98	105	115	97	101	108	99
5 persons	Polling area - 5. Nord	55	64	67	68	72	87	87	92	93	100	110	105	106	110	115	102	115	107	109	114	119	130	121	127	131	126	128	119	119	112	113
5 persons	Polling area - 5. Nørrebrohallen	107	115	131	143	157	202	225	267	291	291	293	302	294	302	304	276	289	292	289	290	307	312	290	305	271	279	273	257	268	251	243
5 persons	Polling area - 5. Syd	92	88	97	108	99	106	116	132	122	126	137	136	144	138	147	131	144	151	146	147	148	147	151	142	148	145	152	149	146	138	144
5 persons	Polling area - 5. Øst	38	46	39	41	43	45	47	63	51	52	68	64	70	76	62	72	75	87	77	73	88	99	105	110	106	106	124	115	119	109	108
5 persons	Polling area - 5. Vest	86	77	72	89	93	89	97	107	121	110	120	111	121	120	107	107	113	125	115	114	129	140	133	140	121	137	125	136	134	137	141
5 persons	Polling area - 5. Nordvest	87	73	73	84	79	90	91	95	101	103	97	111	106	100	108	107	105	101	114	113	121	148	145	143	146	145	159	170	188	183	175
5 persons	Polling area - 6. Bispebjerg	43	30	41	34	42	43	49	60	66	74	81	74	85	80	82	84	82	93	91	110	117	140	141	167	158	183	165	180	180	167	146
5 persons	Polling area - 6. Vest	43	41	35	42	57	62	78	89	83	96	130	109	105	113	123	120	112	118	110	114	128	141	136	168	195	188	192	190	182	180	160
5 persons	Polling area - 6. Nord	89	85	95	95	95	88	94	102	106	108	109	137	138	119	124	113	115	114	108	113	114	120	132	139	154	156	149	140	140	143	137
5 persons	Polling area - 6. Øst	35	32	29	31	37	33	44	45	40	40	42	36	38	37	45	38	43	46	51	49	54	56	65	65	68	71	72	69	79	72	78
5 persons	Polling area - 6. Syd	67	53	57	52	64	62	72	69	74	70	102	95	99	93	88	78	90	92	91	93	101	123	121	106	123	149	133	116	134	137	127
5 persons	Polling area - 7. Brønshøj	54	60	66	59	57	62	64	65	78	84	85	74	78	80	70	72	79	82	81	80	88	87	87	84	95	88	89	100	113	98	106
5 persons	Polling area - 7. Nord	74	70	82	95	102	99	140	162	172	172	189	171	177	193	184	187	188	184	182	173	184	200	217	231	227	258	267	246	255	229	206
5 persons	Polling area - 7. Syd	61	56	67	56	55	58	63	74	84	87	84	83	95	98	94	95	100	103	101	99	113	107	119	131	150	142	159	165	158	155	147
5 persons	Polling area - 7. Øst	75	73	83	81	89	97	107	108	112	137	159	153	155	169	170	171	164	181	196	187	199	227	244	234	255	240	246	236	271	263	275
5 persons	Polling area - 7. Vest	61	71	82	78	103	98	111	125	134	126	135	137	135	143	139	137	146	162	148	160	159	170	173	175	202	221	218	213	215	220	225
5 persons	Polling area - 7. Nordvest	140	132	129	135	144	142	149	147	155	166	167	168	165	173	179	182	198	199	207	206	205	211	230	249	260	273	291	298	283	287	297
5 persons	Polling area - 7. Katrinedal	27	24	20	26	28	32	25	28	28	39	52	42	50	56	55	51	50	48	61	60	61	70	69	75	81	84	78	86	98	96	90
5 persons	Polling area - 7. Kirkebjerg	81	91	93	95	90	75	94	97	109	109	114	121	117	117	130	132	133	144	138	152	147	165	170	170	176	191	199	191	195	194	202
5 persons	Polling area - 7. Vanløse	63	67	62	82	76	92	96	112	112	111	117	119	136	135	149	127	129	138	135	129	145	150	161	163	181	180	184	192	184	194	186
5 persons	Polling area - 8. Valby	102	103	97	99	102	132	131	154	164	167	159	170	154	172	179	180	169	160	182	176	180	193	188	189	220	241	260	259	251	246	225
5 persons	Polling area - 8. Nord	58	51	65	61	68	64	66	66	68	72	80	82	94	87	83	89	77	84	80	75	82	97	100	102	117	120	110	118	109	100	106
5 persons	Polling area - 8. Syd	50	64	62	62	50	65	68	69	62	67	79	82	81	77	83	87	84	84	88	88	107	102	113	129	123	129	125	140	151	166	190
5 persons	Polling area - 8. Vest	76	82	81	74	85	94	94	99	108	111	107	105	106	107	97	96	94	83	85	93	95	94	104	100	123	122	126	127	149	154	145
5 persons	Polling area - 8. Sydøst	64	62	72	73	83	89	83	86	90	96	93	105	111	93	92	89	88	95	98	97	102	107	107	111	111	124	142	145	153	148	140
5 persons	Polling area - 8. Midt	43	37	41	46	50	47	46	49	52	55	55	58	60	63	60	58	56	49	66	67	75	80	98	98	104	110	103	122	121	112	108
5 persons	Polling area - 9. Vesterbro	63	61	63	61	69	65	64	57	59	68	70	76	75	61	69	80	74	79	91	86	103	110	116	131	118	149	141	143	148	144	130
5 persons	Polling area - 9. Nord	72	79	70	75	71	82	74	97	105	107	107	105	108	109	92	102	99	112	105	114	128	137	141	138	145	135	147	148	159	150	137
5 persons	Polling area - 9. Syd	51	52	60	66	90	92	92	97	101	101	125	127	124	124	110	122	105	98	105	109	109	114	117	120	124	130	123	131	106	107	119
5 persons	Polling area - 9. Øst	54	64	74	61	55	62	63	51	46	52	57	59	50	65	62	68	82	77	78	92	98	106	113	90	117	101	112	113	113	106	101
5 persons	Polling area - 9. Vest	80	95	96	74	85	87	95	111	118	110	102	100	104	104	101	103	103	98	107	100	101	125	127	134	136	135	125	118	135	144	152
5 persons	Polling area - 9. Midt	30	18	19	20	21	17	16	20	32	25	28	29	40	34	31	28	28	30	29	31	31	32	27	28	31	36	28	26	25	29	27
5 persons	Polling area - 9. Sydhavn	12	4	7	9	0	0	0	0	0	0	0	0	1	0	0	2	3	5	23	23	33	37	37	41	53	61	81	103	124	157	174
6 persons and over	Copenhagen total	2153	2216	2265	2291	2406	2513	2682	2768	2947	3090	3161	3306	3227	3221	3122	2997	2919	2928	3084	3257	3316	3493	3626	3876	4017	4048	4108	4052	4061	3802	3526
6 persons and over	District - Indre By	145	140	142	132	148	133	150	135	152	155	152	154	149	151	159	142	157	168	177	228	239	294	297	322	279	305	324	357	346	325	322
6 persons and over	District - Østerbro	196	195	196	210	226	237	237	238	241	231	225	235	239	257	236	232	250	263	286	304	307	340	342	358	361	365	371	381	374	323	310
6 persons and over	District - Nørrebro	410	455	479	477	495	547	580	604	665	714	740	767	771	758	752	735	688	675	677	655	627	624	634	642	662	629	636	627	621	539	462
6 persons and over	District - Vesterbro/Kongens Enghave	373	354	354	340	347	346	357	383	372	373	377	377	352	329	311	277	266	256	278	292	306	312	292	319	327	319	316	334	315	308	289
6 persons and over	District - Valby	227	241	246	253	269	277	307	325	346	366	363	371	361	371	342	319	314	295	308	332	319	357	345	384	401	413	415	391	417	413	390
6 persons and over	District - Vanløse	129	120	121	138	138	135	145	140	142	167	169	183	191	184	197	189	166	169	184	211	221	213	228	254	256	293	275	270	281	273	260
6 persons and over	District - Brønshøj-Husum	169	184	193	201	214	230	275	284	310	319	347	378	372	366	366	364	362	354	372	416	419	448	489	548	601	594	613	596	586	560	510
6 persons and over	District - Bispebjerg	161	184	172	176	187	192	207	213	232	250	256	286	256	269	260	262	246	255	284	285	305	321	347	369	432	447	472	423	397	370	333
6 persons and over	District - Amager Øst	164	150	143	143	141	156	171	186	199	199	213	238	230	235	214	202	188	190	197	196	218	213	243	250	254	255	260	257	281	257	252
6 persons and over	District - Amager Vest	179	193	219	221	241	260	253	260	288	316	319	317	306	301	285	275	282	303	321	338	355	371	409	430	444	428	426	416	443	434	398
6 persons and over	District - Unlocated	0	0	0	0	0	0	0	0	0	0	0	0	0	0	0	0	0	0	0	0	0	0	0	0	0	0	0	0	0	0	0
6 persons and over	Polling area - 1. Østerbro	27	24	26	27	34	33	28	32	30	31	35	36	39	39	37	36	42	45	55	53	60	61	57	48	50	53	53	59	55	43	49
6 persons and over	Polling area - 1. Øst	7	8	8	7	10	12	10	10	11	12	11	8	10	10	10	6	9	10	13	14	13	13	13	13	14	14	16	20	20	17	19
6 persons and over	Polling area - 1. Nord	43	37	34	31	41	39	36	36	42	39	46	39	38	43	38	41	51	54	48	53	52	60	62	77	70	69	70	71	72	64	64
6 persons and over	Polling area - 1. Syd	56	60	55	49	58	60	63	60	61	63	49	64	58	63	57	51	51	63	57	66	71	74	83	84	80	80	80	77	82	68	66
6 persons and over	Polling area - 1. Vest	30	34	37	57	49	54	55	57	56	47	48	46	51	58	53	56	51	51	62	60	58	67	67	75	76	83	90	91	83	74	68
6 persons and over	Polling area - 1. Nordvest	33	32	36	39	34	39	45	43	41	39	36	42	43	44	41	42	46	40	51	58	53	65	60	61	71	66	62	63	62	57	44
6 persons and over	Polling area - 2. Sundbyvester	68	67	73	82	84	87	90	85	82	98	94	91	91	84	77	72	72	79	90	88	95	96	109	109	107	106	94	95	107	108	100
6 persons and over	Polling area - 2. Nord	50	51	60	58	62	72	62	64	85	94	99	89	87	84	72	71	84	82	84	89	96	110	102	110	116	110	103	109	111	91	82
6 persons and over	Polling area - 2. Syd	10	10	12	8	12	8	11	13	15	19	17	20	17	20	18	16	16	20	26	33	41	47	67	69	68	56	70	60	75	105	104
6 persons and over	Polling area - 2. Øst	44	55	65	64	75	82	78	86	95	94	94	104	95	97	102	98	92	96	96	105	89	84	96	107	115	117	121	113	118	99	88
6 persons and over	Polling area - 2. Vest	7	10	9	9	8	11	12	12	11	11	15	13	16	16	16	18	18	26	25	23	34	34	35	35	38	39	38	39	32	31	24
6 persons and over	Polling area - 3. Indre By	45	44	42	37	50	46	48	39	44	49	53	43	45	50	42	37	40	46	51	66	75	101	105	126	99	112	111	126	136	103	108
6 persons and over	Polling area - 3. Nord	46	45	45	38	42	37	42	43	40	37	37	39	31	31	39	35	38	39	48	63	59	53	54	62	53	59	68	69	60	63	68
6 persons and over	Polling area - 3. Syd	15	13	16	17	19	16	22	17	24	25	22	20	29	29	28	27	20	22	20	28	38	47	45	48	45	54	52	57	51	65	61
6 persons and over	Polling area - 3. Øst	39	38	39	40	37	34	38	36	44	44	40	52	44	41	50	43	59	61	58	71	67	93	93	86	82	80	93	105	99	94	85
6 persons and over	Polling area - 4. Sundbyøster	36	33	35	41	33	44	44	44	45	39	42	52	50	50	45	46	37	41	47	50	47	40	52	54	48	54	46	47	55	52	61
6 persons and over	Polling area - 4. Nord	51	53	47	47	37	41	52	64	77	84	91	93	87	88	81	80	80	79	70	63	77	72	74	80	82	71	72	70	79	70	73
6 persons and over	Polling area - 4. Syd	33	33	31	24	32	29	31	33	34	30	32	43	44	45	35	26	25	33	39	36	40	37	48	49	50	62	57	55	59	57	49
6 persons and over	Polling area - 4. Øst	44	31	30	31	39	42	44	45	43	46	48	50	49	52	53	50	46	37	41	47	54	64	69	67	74	68	85	85	88	78	69
6 persons and over	Polling area - 5. Nørrebro	63	67	76	71	64	64	66	70	65	65	66	70	69	60	52	43	42	38	36	38	34	31	37	36	43	43	56	57	52	45	38
6 persons and over	Polling area - 5. Nord	44	51	55	53	58	60	64	59	63	75	71	84	83	81	81	86	87	95	100	92	88	90	87	91	97	87	82	81	79	72	72
6 persons and over	Polling area - 5. Nørrebrohallen	63	85	95	102	129	152	175	204	224	262	292	289	308	303	303	300	269	261	250	243	216	214	220	213	227	202	200	185	177	147	128
6 persons and over	Polling area - 5. Syd	82	77	95	89	104	110	107	113	114	117	116	120	116	114	111	107	105	104	102	91	103	98	103	113	98	105	103	109	114	98	93
6 persons and over	Polling area - 5. Øst	32	34	27	25	19	30	26	26	40	41	32	32	32	36	37	35	31	32	31	38	36	40	38	39	48	40	44	42	44	43	29
6 persons and over	Polling area - 5. Vest	64	76	74	87	69	78	80	68	87	87	85	89	81	76	88	81	87	73	81	79	77	73	75	68	73	65	62	59	63	56	52
6 persons and over	Polling area - 5. Nordvest	62	65	57	50	52	53	62	64	72	67	78	83	82	88	80	83	67	72	77	74	73	78	74	82	76	87	89	94	92	78	50
6 persons and over	Polling area - 6. Bispebjerg	32	46	36	32	42	32	35	35	40	50	52	65	52	53	59	57	55	56	60	61	76	78	80	87	105	111	122	111	114	100	92
6 persons and over	Polling area - 6. Vest	22	21	25	30	37	43	53	51	57	64	65	80	79	79	74	79	71	73	74	72	71	81	85	94	113	127	130	106	104	85	81
6 persons and over	Polling area - 6. Nord	44	47	48	53	39	51	51	51	52	51	65	51	48	50	45	43	43	44	50	50	56	60	63	65	77	81	85	81	66	65	60
6 persons and over	Polling area - 6. Øst	9	13	12	13	12	13	10	11	14	17	17	21	20	26	24	25	19	21	27	23	24	30	29	32	35	35	35	33	32	34	32
6 persons and over	Polling area - 6. Syd	54	57	51	48	57	53	58	65	69	68	57	69	57	61	58	58	58	61	73	79	78	72	90	91	102	93	100	92	81	86	68
6 persons and over	Polling area - 7. Brønshøj	20	18	20	24	25	23	31	31	27	24	32	31	29	31	24	32	25	28	23	28	35	34	32	40	38	39	36	40	39	44	43
6 persons and over	Polling area - 7. Nord	35	49	51	56	56	65	88	103	122	128	147	166	158	149	137	130	130	120	135	152	146	152	159	179	209	190	186	183	178	151	127
6 persons and over	Polling area - 7. Syd	25	24	17	25	25	24	27	27	29	36	41	41	42	40	38	34	26	25	30	41	34	28	32	37	44	57	48	45	39	35	41
6 persons and over	Polling area - 7. Øst	45	37	42	41	47	49	53	56	59	59	63	65	63	68	69	69	74	68	68	79	86	91	103	119	124	128	137	137	121	125	123
6 persons and over	Polling area - 7. Vest	26	34	33	31	40	44	44	46	49	49	45	52	58	50	67	70	71	63	70	80	74	87	97	101	105	111	127	119	118	111	90
6 persons and over	Polling area - 7. Nordvest	53	54	53	59	58	61	70	62	65	71	74	77	78	77	78	78	73	86	86	88	95	101	113	126	139	144	145	142	155	153	151
6 persons and over	Polling area - 7. Katrinedal	16	17	18	18	13	16	17	15	13	15	18	17	19	17	19	19	19	18	17	19	19	18	21	29	36	35	38	33	28	33	36
6 persons and over	Polling area - 7. Kirkebjerg	48	45	50	55	55	42	49	44	46	59	47	49	64	67	74	62	59	65	66	70	81	84	87	101	95	102	96	94	104	95	86
6 persons and over	Polling area - 7. Vanløse	30	26	30	30	33	41	41	40	42	45	49	63	52	51	57	59	51	50	61	70	70	66	73	70	67	81	75	73	85	86	73
6 persons and over	Polling area - 8. Valby	62	59	56	58	56	69	85	83	100	116	108	109	110	99	99	91	102	98	99	102	101	98	88	101	87	89	85	80	88	88	81
6 persons and over	Polling area - 8. Nord	29	37	37	38	46	46	47	54	55	51	48	61	51	56	62	51	47	44	47	46	49	56	58	54	60	66	72	70	72	71	65
6 persons and over	Polling area - 8. Syd	22	30	32	31	30	33	32	38	39	45	40	45	39	45	37	38	43	39	45	45	45	55	52	75	71	74	74	73	83	87	95
6 persons and over	Polling area - 8. Vest	28	31	35	35	38	37	40	40	42	47	58	52	50	50	50	47	46	40	47	60	46	50	59	67	88	77	89	77	74	61	49
6 persons and over	Polling area - 8. Sydøst	60	56	55	65	66	59	68	77	75	76	81	75	76	89	68	64	58	49	45	45	43	47	45	43	50	55	55	56	61	64	68
6 persons and over	Polling area - 8. Midt	26	28	31	26	33	33	35	33	35	31	28	29	35	32	26	28	18	25	25	34	35	51	43	44	45	52	40	35	39	42	32
6 persons and over	Polling area - 9. Vesterbro	77	69	62	46	48	53	46	56	50	48	58	54	51	59	45	43	39	40	36	35	45	42	36	40	46	38	39	48	48	39	44
6 persons and over	Polling area - 9. Nord	99	88	92	91	98	96	106	107	100	101	103	101	98	90	88	73	66	63	64	74	70	65	65	77	73	75	71	80	55	58	51
6 persons and over	Polling area - 9. Syd	24	28	32	39	47	48	55	59	62	63	65	60	57	50	59	51	49	51	63	61	60	65	50	47	56	55	53	56	52	44	40
6 persons and over	Polling area - 9. Øst	72	69	65	62	53	49	48	57	60	52	51	64	58	54	41	36	37	32	39	43	50	64	60	67	61	62	58	62	61	56	43
6 persons and over	Polling area - 9. Vest	90	86	87	84	85	80	86	85	82	91	86	86	78	71	69	62	62	55	58	59	61	51	58	56	65	64	64	52	56	50	48
6 persons and over	Polling area - 9. Midt	11	12	13	13	15	19	16	19	18	18	14	12	10	5	9	12	13	10	9	7	8	13	9	19	13	13	11	6	9	7	5
6 persons and over	Polling area - 9. Sydhavn	0	2	3	5	1	1	0	0	0	0	0	0	0	0	0	0	0	5	9	13	12	12	14	13	13	12	20	30	34	54	58
Unoccupied	Copenhagen total	14869	14524	13701	13876	12777	11832	10366	10130	9690	9736	10204	10504	11424	12303	12518	14552	17232	18093	18373	18063	17416	15860	15081	14237	14031	13712	13823	14239	15985	16895	17457
Unoccupied	District - Indre By	2195	1918	1839	1777	1504	1515	1433	1476	1301	1342	1437	1515	1694	1875	1979	2361	2453	2498	2477	2444	2335	2190	2222	2117	2457	2466	2688	2693	2790	2964	2856
Unoccupied	District - Østerbro	1957	2065	1905	1876	1886	1894	1433	1426	1481	1537	1631	1871	1921	2147	2131	2166	2595	2618	2681	2751	2610	2390	2333	2213	1863	1933	2063	2038	2110	2321	2279
Unoccupied	District - Nørrebro	2418	2346	1983	1992	1769	1580	1447	1496	1216	1203	1288	1335	1422	1523	1553	1930	2121	2131	2074	2037	1789	1693	1694	1751	1475	1365	1368	1386	1529	1671	1908
Unoccupied	District - Vesterbro/Kongens Enghave	1874	1896	1770	1675	1649	1656	1492	1338	1206	1191	1171	1108	1182	1288	1388	1228	1578	1683	1963	1849	1501	1333	1207	1126	1179	1284	1355	1631	2232	2120	2083
Unoccupied	District - Valby	1022	1163	1203	1238	1001	951	840	790	778	836	941	924	941	985	977	1135	1371	1501	1546	1454	1513	1540	1357	1306	1265	1273	1020	1019	1233	1308	1627
Unoccupied	District - Vanløse	749	711	709	685	651	612	556	529	565	581	558	497	572	625	593	690	929	941	1017	922	872	682	671	604	624	533	518	569	566	621	577
Unoccupied	District - Brønshøj-Husum	596	679	675	799	885	772	539	435	380	412	540	545	642	630	613	690	1021	1089	1242	1200	1170	1096	904	938	885	780	814	753	742	776	779
Unoccupied	District - Bispebjerg	1085	1233	1288	1571	1274	924	850	974	1020	971	918	873	1048	1020	1037	1212	1597	1748	1792	1863	1671	1504	1416	1278	1261	1128	1099	1203	1310	1360	1354
Unoccupied	District - Amager Øst	1994	1427	1275	1175	1083	978	886	842	797	756	789	884	967	1124	997	1149	1345	1378	1238	1257	1317	1211	1105	1085	994	1001	880	837	936	1142	1113
Unoccupied	District - Amager Vest	979	1086	1054	1088	1075	950	890	824	946	907	931	952	1035	1086	1250	1991	2222	2506	2343	2286	2638	2221	2172	1819	2028	1949	2018	2110	2537	2612	2881
Unoccupied	District - Unlocated	0	0	0	0	0	0	0	0	0	0	0	0	0	0	0	0	0	0	0	0	0	0	0	0	0	0	0	0	0	0	0
Unoccupied	Polling area - 1. Østerbro	451	502	490	463	467	501	285	272	252	233	242	270	282	306	362	348	476	465	436	405	365	333	348	331	310	310	311	323	351	351	353
Unoccupied	Polling area - 1. Øst	150	138	119	130	165	164	141	141	128	154	152	209	281	318	306	308	351	466	442	401	369	353	320	264	270	405	525	649	620	580	569
Unoccupied	Polling area - 1. Nord	234	240	224	237	226	225	177	183	170	181	213	313	221	276	238	243	274	324	333	350	348	346	304	282	295	256	270	278	302	327	308
Unoccupied	Polling area - 1. Syd	405	407	338	342	314	356	276	296	325	333	361	361	445	479	419	396	417	379	407	368	331	320	317	390	257	290	257	275	252	298	301
Unoccupied	Polling area - 1. Vest	433	444	432	401	433	401	301	299	370	391	418	441	451	442	469	461	556	480	570	730	740	657	658	577	420	409	425	250	298	376	360
Unoccupied	Polling area - 1. Nordvest	284	334	302	303	281	247	253	235	236	245	245	277	241	326	337	410	521	504	493	497	457	381	386	369	311	263	275	263	287	389	388
Unoccupied	Polling area - 2. Sundbyvester	248	273	289	248	253	240	215	221	257	224	282	310	326	310	302	325	396	449	431	418	450	525	315	358	388	344	351	293	192	211	219
Unoccupied	Polling area - 2. Nord	343	393	380	408	364	331	329	247	222	236	243	258	332	365	356	392	474	483	454	478	459	466	562	477	501	459	373	358	522	508	573
Unoccupied	Polling area - 2. Syd	44	49	41	51	41	22	32	30	96	140	58	34	44	39	32	141	93	535	386	405	612	401	421	216	271	336	488	506	892	856	1117
Unoccupied	Polling area - 2. Øst	227	248	226	214	214	150	121	134	168	97	130	110	95	119	159	604	440	233	234	234	234	218	202	230	249	247	236	160	182	257	248
Unoccupied	Polling area - 2. Vest	117	123	118	167	203	207	193	192	203	210	218	240	238	253	401	529	819	806	838	751	883	611	672	538	619	563	570	793	749	780	724
Unoccupied	Polling area - 3. Indre By	797	697	695	576	522	508	438	488	453	455	493	497	548	594	640	714	892	854	823	769	739	668	667	641	654	808	904	941	943	1008	941
Unoccupied	Polling area - 3. Nord	245	241	219	283	225	234	226	213	193	210	219	245	223	236	240	266	265	247	252	248	226	204	220	205	231	223	186	193	238	233	245
Unoccupied	Polling area - 3. Syd	344	217	234	210	180	171	213	250	160	175	229	245	308	403	391	578	483	487	465	446	460	426	432	422	592	463	483	512	497	552	513
Unoccupied	Polling area - 3. Øst	809	763	691	708	577	602	556	525	495	502	496	528	615	642	708	803	813	910	937	981	910	892	903	849	980	972	1115	1047	1112	1171	1157
Unoccupied	Polling area - 4. Sundbyøster	1061	524	409	266	251	229	180	184	197	184	199	190	216	264	240	348	304	443	339	363	324	290	260	252	229	248	223	237	316	486	428
Unoccupied	Polling area - 4. Nord	465	424	410	430	401	388	341	343	333	328	298	345	375	441	375	413	509	437	394	421	450	381	351	300	354	357	270	257	261	273	282
Unoccupied	Polling area - 4. Syd	254	264	252	288	261	225	216	192	151	127	150	202	192	218	171	178	261	262	249	239	232	232	215	199	178	155	146	147	136	140	146
Unoccupied	Polling area - 4. Øst	214	215	204	191	170	136	149	123	116	117	142	147	184	201	211	210	271	236	256	234	311	308	279	334	233	241	241	196	223	243	257
Unoccupied	Polling area - 5. Nørrebro	383	456	404	241	217	164	212	277	221	143	160	263	207	179	222	195	221	251	233	276	232	215	192	179	215	227	222	209	281	235	289
Unoccupied	Polling area - 5. Nord	370	404	325	532	471	378	302	259	209	264	247	251	265	282	290	341	380	430	441	414	395	394	374	382	334	332	331	285	279	283	292
Unoccupied	Polling area - 5. Nørrebrohallen	225	246	211	263	249	207	164	174	155	151	185	158	183	211	211	237	248	316	290	306	238	225	219	171	153	184	164	194	244	318	285
Unoccupied	Polling area - 5. Syd	214	235	194	180	165	166	221	164	112	90	130	123	160	182	211	211	215	201	205	224	199	175	185	182	213	173	182	182	170	275	271
Unoccupied	Polling area - 5. Øst	308	235	219	200	164	137	133	173	129	185	198	220	202	227	204	419	443	297	307	233	179	208	295	423	177	154	189	193	234	232	434
Unoccupied	Polling area - 5. Vest	211	227	169	199	178	162	163	180	117	123	98	91	124	126	138	155	176	225	214	209	184	152	131	110	99	100	98	104	113	117	123
Unoccupied	Polling area - 5. Nordvest	707	543	461	377	325	366	252	269	273	247	270	229	281	316	277	372	438	411	384	375	362	324	298	304	284	195	182	219	208	211	214
Unoccupied	Polling area - 6. Bispebjerg	258	268	294	348	324	268	216	199	182	174	203	188	240	227	251	410	572	452	540	500	477	366	391	336	339	306	322	342	363	370	328
Unoccupied	Polling area - 6. Vest	243	379	381	575	380	130	116	237	321	243	189	146	199	196	149	162	181	230	226	273	263	235	183	181	150	125	128	140	179	169	129
Unoccupied	Polling area - 6. Nord	290	268	264	302	260	233	240	279	283	298	275	301	343	333	334	333	470	513	501	449	423	392	379	329	328	340	344	340	327	322	310
Unoccupied	Polling area - 6. Øst	104	116	123	115	119	97	94	84	72	68	72	61	76	61	82	80	79	114	155	177	181	170	163	180	174	165	166	168	226	298	381
Unoccupied	Polling area - 6. Syd	190	202	226	231	191	196	184	175	162	188	179	177	190	203	221	227	295	439	370	464	327	341	300	252	270	192	139	213	215	201	206
Unoccupied	Polling area - 7. Brønshøj	75	84	82	90	88	63	51	53	42	54	77	62	56	75	76	164	179	185	191	167	157	71	77	70	72	60	61	49	62	79	83
Unoccupied	Polling area - 7. Nord	58	55	41	43	44	65	71	53	40	42	32	36	52	46	58	57	223	219	254	179	190	181	92	132	82	115	149	100	54	97	57
Unoccupied	Polling area - 7. Syd	236	177	186	197	188	149	147	138	122	127	129	141	152	147	134	152	205	203	198	191	184	187	181	149	156	138	138	140	146	166	143
Unoccupied	Polling area - 7. Øst	130	169	175	193	169	151	136	128	119	117	144	163	169	199	197	179	278	256	303	360	303	295	172	198	166	159	138	136	176	156	164
Unoccupied	Polling area - 7. Vest	138	134	146	157	160	159	113	132	120	131	234	224	277	233	212	274	273	318	331	354	436	370	368	400	413	337	367	359	355	354	369
Unoccupied	Polling area - 7. Nordvest	234	284	275	351	455	381	210	103	91	99	93	98	122	122	111	124	241	271	323	282	209	215	222	184	186	135	126	128	118	115	130
Unoccupied	Polling area - 7. Katrinedal	105	112	105	115	90	87	81	72	146	154	160	76	89	102	98	91	134	126	152	175	114	107	112	80	86	78	76	140	121	134	110
Unoccupied	Polling area - 7. Kirkebjerg	149	142	155	139	131	124	115	109	96	104	74	68	92	96	119	114	139	143	132	116	137	114	105	97	106	91	84	81	86	91	76
Unoccupied	Polling area - 7. Vanløse	220	233	219	199	211	205	171	176	169	165	155	174	205	235	201	225	278	309	375	298	312	238	246	232	242	200	193	189	190	205	224
Unoccupied	Polling area - 8. Valby	277	349	392	438	253	197	180	184	186	190	216	261	255	207	192	207	259	257	240	241	241	253	191	201	186	160	140	157	161	177	176
Unoccupied	Polling area - 8. Nord	213	261	262	214	204	202	163	135	131	141	155	174	158	226	212	261	296	280	358	280	273	284	262	246	250	220	180	154	182	235	228
Unoccupied	Polling area - 8. Syd	116	127	126	150	110	121	107	90	89	89	115	92	97	105	94	114	160	173	160	137	136	149	129	112	115	118	128	152	149	174	405
Unoccupied	Polling area - 8. Vest	215	226	219	241	229	218	208	194	178	188	206	212	219	235	224	234	255	293	359	346	464	549	473	437	404	411	320	236	246	194	210
Unoccupied	Polling area - 8. Sydøst	98	97	108	95	89	100	85	69	61	75	85	89	100	105	139	239	274	270	276	213	240	173	160	207	195	238	107	117	116	144	282
Unoccupied	Polling area - 8. Midt	103	103	96	100	116	113	97	118	133	153	164	96	112	107	116	80	127	228	153	237	159	132	142	103	115	126	145	203	379	384	326
Unoccupied	Polling area - 9. Vesterbro	240	220	264	257	238	254	224	186	135	119	137	150	140	167	134	195	201	231	231	189	172	131	121	119	128	115	112	119	127	138	155
Unoccupied	Polling area - 9. Nord	328	302	263	269	366	298	273	211	220	239	237	209	201	215	199	227	280	276	274	253	216	195	182	175	168	161	170	169	185	184	173
Unoccupied	Polling area - 9. Syd	387	381	342	311	276	292	269	290	168	168	165	171	188	235	213	213	255	292	325	317	352	300	276	291	277	270	210	267	278	244	257
Unoccupied	Polling area - 9. Øst	419	344	319	369	452	517	461	354	387	338	323	277	294	337	337	273	226	274	259	232	223	228	230	201	201	188	189	220	246	245	228
Unoccupied	Polling area - 9. Vest	211	245	240	265	194	177	146	166	205	240	223	209	225	205	272	195	150	182	180	145	154	127	101	96	88	96	104	212	204	186	243
Unoccupied	Polling area - 9. Midt	255	353	298	181	122	118	119	130	90	86	84	92	134	129	118	113	148	133	147	140	121	122	100	86	79	90	104	84	86	103	107
Unoccupied	Polling area - 9. Sydhavn	34	51	44	23	1	0	0	1	1	1	2	0	0	0	115	12	318	295	547	573	263	230	197	158	238	364	466	560	1106	1020	920